file_path,file_size_kb,prediction,prob_benign,prob_malicious,is_false_positive
black-21.5b0.zip,1156.9677734375,0,0.9999991340989371,8.659010628688423e-07,0
click-8.0.1.zip,362.712890625,0,0.9999992197919839,7.802080161312942e-07,0
flask-1.1.2.zip,696.1923828125,0,0.9999990788850949,9.211149051415587e-07,0
numpy-1.19.5.zip,7390.7216796875,0,0.9999990135753422,9.864246578486834e-07,0
pandas-1.2.4.zip,9771.7587890625,0,0.9999990135753422,9.864246578486834e-07,0
pydantic-1.8.2.zip,386.9716796875,0,0.999999236431024,7.635689760976293e-07,0
pytest-6.2.4.zip,1306.3466796875,0,0.9999991340989371,8.659010628688423e-07,0
requests-2.25.1.zip,3660.41796875,0,0.9999990135753422,9.864246578486834e-07,0
